Model,Accuracy,ROC_AUC
Random Forest,0.9822380106571936,0.9990328385065227
Decision Tree,0.9662522202486679,0.9398504273504272
Logistic Regression,0.88898756660746,0.8872863247863247
